{"tfjsVersion":"1.3.1","tmVersion":"2.4.5","packageVersion":"0.8.4-alpha2","packageName":"@teachablemachine/image","timeStamp":"2022-06-04T03:46:12.305Z","userMetadata":{},"modelName":"tm-my-image-model","labels":["3시리즈","5시리즈","7시리즈","K3","K5","K7","K9","스팅어","XE","포르테","아발론","캠리","ES","LS","SM3","SM5","SM6","SM7","A클래스","CLA클래스","CLS클래스","C클래스","E클래스","S클래스","S60","S90","말리부","크루즈","A4","A6","A7","XF","EQ900","G70","G80","G90","제네시스","모델S","모델3","파나메라","파사트","푸조","그랜저","쏘나타","아반떼","에쿠스","버스","카니발","스타렉스","오디세이","컨버터블","머스탱","제네시스쿠페","덤프트럭","카고트럭","레미콘","대형화물트럭","레이","모닝","프라이드","미니쿠퍼","마티즈","스파크","i30","벨로스터","아이오닉","엑센트","봉고","마이바흐","람보르기니","X1","X5","니로","모하비","셀토스","스포티지","쏘렌토","쏘울","큐브","라브","디스커버리","레인지로버","NX","QM3","QM5","QM6","XM3","클럽맨","GLA클래스","GLC클래스","XC40","윈스톰","올란도","트레일블레이저"],"imageSize":224}